"Crop","Season","Yield-2000-01","Yield-2001-02","Yield-2002-03","Yield-2003-04","Yield-2004-05","Yield-2005-06","Yield-2006-07","Yield-2007-08","Yield-2008-09","Yield-2009-10","Yield-2010-11","Yield-2011-12","Yield-2012-13","Yield-2013-14","Yield-2014-15","Yield-2015-16","Yield-2016-17","Yield-2017-18","Yield-2018-19","Yield-2019-20","Yield-2020-21","Yield-2021-22","Yield-2022-23","Yield-2023-24","Yield-2024-25","Yield-2025-26"
"Rice","Kharif","1788.00","1982.00","1658.00","2004.00","1883.00","1990.00","2024.00","2095.00","2082.00","2019.00","2120.00","2311.00","2373.00","2319.00","2295.00","2305.00","2417.00","2469.00","2553.00","2622.00","2607.00","2705.00","2735.00","2780.00","2825.00","2781.00"
"Rice","Rabi","3042.00","2992.00","2783.00","2947.00","3077.00","3127.00","3130.00","3149.00","3010.00","3053.00","3171.00","3235.00","3353.00","3232.00","3291.00","3382.00","3230.00","3531.00","3444.00","3569.00","3541.00","3525.00","3467.00","3582.00","3606.00","3644.00"
"Rice","Summer","","","","","","","","","","","","","","","","","","","","","","","3302.00","3302.00","3391.00",""
"Rice","Total","1901.00","2079.00","1744.00","2078.00","1984.00","2102.00","2131.00","2202.00","2178.00","2125.00","2239.00","2393.00","2461.00","2416.00","2391.00","2400.00","2494.00","2576.00","2638.00","2722.00","2717.00","2798.00","2838.00","2882.00","2929.00","2861.00"
"Wheat","Rabi","2708.00","2762.00","2610.00","2713.00","2602.00","2619.00","2708.00","2802.00","2907.00","2839.00","2989.00","3177.00","3117.00","3145.00","2750.00","3034.00","3200.00","3368.00","3533.00","3440.00","3521.00","3537.00","3521.00","3559.00","3595.00","3593.00"
"Wheat","Total","2708.00","2762.00","2610.00","2713.00","2602.00","2619.00","2708.00","2802.00","2907.00","2839.00","2989.00","3177.00","3117.00","3145.00","2750.00","3034.00","3200.00","3368.00","3533.00","3440.00","3521.00","3537.00","3521.00","3559.00","3595.00","3593.00"
"Maize","Kharif","1707.00","1896.00","1552.00","1932.00","1740.00","1799.00","1660.00","2122.00","2048.00","1740.00","2285.00","2234.00","2246.00","2346.00","2249.00","2236.00","2413.00","2706.00","2648.00","2572.00","2779.00","2914.00","2940.00","2671.00","2932.00","3081.00"
"Maize","Rabi","2921.00","2952.00","2851.00","2987.00","3224.00","3076.00","3793.00","3854.00","4387.00","3694.00","4003.00","3765.00","4152.00","4050.00","4414.00","4006.00","3897.00","4436.00","4893.00","4631.00","4723.00","5084.00","5355.00","5529.00","5306.00","5270.00"
"Maize","Summer","","","","","","","","","","","","","","","","","","","","","","","5361.00","4603.00","4528.00",""
"Maize","Total","1822.00","2000.00","1681.00","2041.00","1907.00","1938.00","1912.00","2335.00","2414.00","2024.00","2540.00","2478.00","2566.00","2676.00","2632.00","2563.00","2689.00","3065.00","3070.00","3006.00","3199.00","3387.00","3545.00","3351.00","3590.00","3595.00"
"Barley","Rabi","1840.00","2160.00","2006.00","1975.00","1958.00","1938.00","2055.00","1985.00","2394.00","2172.00","2357.00","2516.00","2521.00","2718.00","2280.00","2439.00","2663.00","2695.00","2837.00","2920.00","2796.00","3025.00","3044.00","3082.00","3159.00","3224.00"
"Barley","Total","1840.00","2160.00","2006.00","1975.00","1958.00","1938.00","2055.00","1985.00","2394.00","2172.00","2357.00","2516.00","2521.00","2718.00","2280.00","2439.00","2663.00","2695.00","2837.00","2920.00","2796.00","3025.00","3044.00","3082.00","3159.00","3224.00"
"Jowar","Kharif","938.00","945.00","995.00","1085.00","987.00","1082.00","992.00","1176.00","1055.00","853.00","1119.00","1257.00","1171.00","1050.00","1014.00","850.00","954.00","1104.00","989.00","967.00","1210.00","1090.00","1071.00","1170.00","1204.00","931.00"
"Jowar","Rabi","594.00","625.00","552.00","377.00","641.00","726.00","727.00","894.00","904.00","865.00","827.00","741.00","644.00","896.00","808.00","615.00","730.00","853.00","744.00","1002.00","1033.00","1093.00","1086.00","1165.00","1266.00","1296.00"
"Jowar","Summer","","","","","","","","","","","","","","","","","","","","","","","811.00","789.00","842.00",""
"Jowar","Total","764.00","771.00","754.00","716.00","797.00","880.00","844.00","1021.00","962.00","860.00","949.00","957.00","850.00","957.00","884.00","697.00","812.00","956.00","849.00","989.00","1099.00","1092.00","1079.00","1162.00","1240.00","1173.00"
"Bajra","Kharif","670.00","855.00","591.00","1125.00","841.00","783.00","871.00","1015.00","986.00","700.00","1049.00","1132.00","1198.00","1184.00","1255.00","1132.00","1305.00","1231.00","1219.00","1374.00","1420.00","1430.00","1443.00","1387.00","1459.00","1415.00"
"Bajra","Rabi","1909.00","1804.00","1610.00","2073.00","1836.00","1906.00","1762.00","2239.00","2362.00","2176.00","1786.00","2017.00","","","","","","","","","","","","","",""
"Bajra","Summer","","","","","","","","","","","","","","","","","","","","","","","2705.00","2579.00","2361.00",""
"Bajra","Total","688.00","869.00","610.00","1141.00","859.00","802.00","886.00","1042.00","1015.00","731.00","1079.00","1171.00","1198.00","1184.00","1255.00","1132.00","1305.00","1231.00","1219.00","1374.00","1420.00","1430.00","1510.00","1453.00","1523.00","1415.00"
"Ragi","Kharif","1563.00","1449.00","939.00","1219.00","1594.00","1521.00","1215.00","1548.00","1474.00","1486.00","1708.00","1641.00","1392.00","1661.00","1706.00","1601.00","1363.00","1662.00","1390.00","1747.00","1724.00","1396.00","1454.00","1375.00","1584.00","1488.00"
"Ragi","Rabi","1122.00","1220.00","789.00","302.00","776.00","1904.00","1412.00","1643.00","1552.00","1607.00","1650.00","0.00","","","","","","","","","","","","","",""
"Ragi","Total","1553.00","1442.00","930.00","1180.00","1567.00","1534.00","1226.00","1552.00","1477.00","1489.00","1705.00","1641.00","1392.00","1661.00","1706.00","1601.00","1363.00","1662.00","1390.00","1747.00","1724.00","1396.00","1454.00","1375.00","1584.00","1488.00"
"Small Millets","Kharif","412.00","440.00","383.00","473.00","434.00","443.00","475.00","530.00","491.00","460.00","553.00","565.00","578.00","630.00","654.00","602.00","714.00","804.00","734.00","809.00","781.00","857.00","898.00","935.00","1001.00","921.00"
"Small Millets","Total","412.00","440.00","383.00","473.00","434.00","443.00","475.00","530.00","491.00","460.00","553.00","565.00","578.00","630.00","654.00","602.00","714.00","804.00","734.00","809.00","781.00","857.00","898.00","935.00","1001.00","921.00"
"Tur","Kharif","618.00","679.00","651.00","670.00","667.00","765.00","650.00","826.00","671.00","711.00","655.00","662.00","776.00","813.00","729.00","646.00","913.00","967.00","729.00","859.00","914.00","861.00","814.00","827.00","836.00","780.00"
"Tur","Total","618.00","679.00","651.00","670.00","667.00","765.00","650.00","826.00","671.00","711.00","655.00","662.00","776.00","813.00","729.00","646.00","913.00","967.00","729.00","859.00","914.00","861.00","814.00","827.00","836.00","780.00"
"Gram","Rabi","744.00","853.00","717.00","811.00","815.00","808.00","845.00","762.00","895.00","915.00","895.00","928.00","1036.00","960.00","889.00","840.00","974.00","1078.00","1041.00","1142.00","1192.00","1261.00","1172.00","1151.00","1218.00","1238.00"
"Gram","Total","744.00","853.00","717.00","811.00","815.00","808.00","845.00","762.00","895.00","915.00","895.00","928.00","1036.00","960.00","889.00","840.00","974.00","1078.00","1041.00","1142.00","1192.00","1261.00","1172.00","1151.00","1218.00","1238.00"
"Urad","Kharif","350.00","407.00","379.00","430.00","382.00","386.00","412.00","475.00","419.00","367.00","561.00","527.00","610.00","490.00","516.00","459.00","626.00","632.00","500.00","359.00","469.00","515.00","571.00","598.00","615.00","546.00"
"Urad","Rabi","650.00","579.00","522.00","426.00","552.00","540.00","640.00","405.00","506.00","587.00","489.00","621.00","679.00","768.00","892.00","773.00","656.00","798.00","796.00","904.00","778.00","903.00","988.00","828.00","894.00","970.00"
"Urad","Summer","","","","","","","","","","","","","","","","","","","","","","","875.00","856.00","974.00",""
"Urad","Total","431.00","454.00","415.00","430.00","419.00","419.00","470.00","457.00","440.00","421.00","545.00","552.00","625.00","555.00","604.00","537.00","632.00","662.00","546.00","459.00","538.00","599.00","657.00","656.00","710.00","628.00"
"Moong","Kharif","319.00","343.00","257.00","508.00","294.00","275.00","328.00","413.00","348.00","172.00","546.00","483.00","398.00","410.00","428.00","363.00","488.00","440.00","466.00","519.00","522.00","385.00","493.00","364.00","520.00","526.00"
"Moong","Rabi","454.00","441.00","429.00","393.00","423.00","427.00","436.00","408.00","431.00","422.00","434.00","512.00","539.00","620.00","640.00","554.00","546.00","600.00","727.00","645.00","833.00","987.00","730.00","733.00","738.00","825.00"
"Moong","Summer","","","","","","","","","","","","","","","","","","","","","","","968.00","985.00","1009.00",""
"Moong","Total","344.00","361.00","289.00","484.00","317.00","307.00","352.00","412.00","366.00","224.00","522.00","490.00","436.00","475.00","498.00","416.00","500.00","477.00","516.00","548.00","601.00","570.00","663.00","598.00","719.00","534.00"
"Lentil","Rabi","619.00","664.00","634.00","743.00","675.00","628.00","621.00","622.00","693.00","697.00","591.00","678.00","797.00","759.00","705.00","765.00","838.00","1047.00","901.00","847.00","1017.00","899.00","952.00","1028.00","973.00","996.00"
"Lentil","Total","619.00","664.00","634.00","743.00","675.00","628.00","621.00","622.00","693.00","697.00","591.00","678.00","797.00","759.00","705.00","765.00","838.00","1047.00","901.00","847.00","1017.00","899.00","952.00","1028.00","973.00","996.00"
"Other Pulses","Kharif","274.00","299.00","223.00","461.00","242.00","240.00","309.00","403.00","366.00","200.00","501.00","408.00","373.00","410.00","475.00","385.00","408.00","441.00","365.00","491.00","478.00","382.00","571.00","487.00","593.00","637.00"
"Other Pulses","Rabi","645.00","675.00","637.00","721.00","665.00","678.00","654.00","664.00","726.00","740.00","702.00","753.00","827.00","818.00","836.00","754.00","867.00","957.00","897.00","954.00","986.00","951.00","1032.00","1057.00","988.00","1031.00"
"Other Pulses","Total","426.00","462.00","447.00","573.00","423.00","440.00","469.00","513.00","523.00","419.00","582.00","559.00","619.00","620.00","677.00","573.00","630.00","697.00","623.00","707.00","731.00","666.00","823.00","776.00","799.00","862.00"