"Crop","Season","Area-2000-01","Area-2001-02","Area-2002-03","Area-2003-04","Area-2004-05","Area-2005-06","Area-2006-07","Area-2007-08","Area-2008-09","Area-2009-10","Area-2010-11","Area-2011-12","Area-2012-13","Area-2013-14","Area-2014-15","Area-2015-16","Area-2016-17","Area-2017-18","Area-2018-19","Area-2019-20","Area-2020-21","Area-2021-22","Area-2022-23","Area-2023-24","Area-2024-25","Area-2025-26"
"Rice","Kharif","17.08","17.76","16.81","17.19","16.23","16.58","16.61","15.59","16.82","14.46","16.03","16.62","18.83","19.30","21.53","20.24","22.60","20.23","23.73","19.82","20.80","21.09","34.14","34.40","38.30","42.10"
"Rice","Rabi","","","","","","","","","","","","","0.00","0.00","0.00","0.00","0.29","0.12","0.18","0.34","0.37","0.00","","","0.53",""
"Rice","Summer","","","","","","","","","","","","","","","","","","","","","","","","0.40","0.02",""
"Rice","Total","17.08","17.76","16.81","17.19","16.23","16.58","16.61","15.59","16.82","14.46","16.03","16.62","18.83","19.30","21.53","20.24","22.89","20.35","23.91","20.16","21.17","21.09","34.14","34.80","38.85","42.10"
"Wheat","Rabi","33.11","37.04","33.82","40.91","41.36","36.93","39.93","37.42","37.85","42.76","43.41","48.89","53.00","53.80","60.02","59.11","60.28","53.16","55.20","65.51","60.83","65.00","71.50","74.97","77.49","81.96"
"Wheat","Total","33.11","37.04","33.82","40.91","41.36","36.93","39.93","37.42","37.85","42.76","43.41","48.89","53.00","53.80","60.02","59.11","60.28","53.16","55.20","65.51","60.83","65.00","71.50","74.97","77.49","81.96"
"Maize","Kharif","8.40","8.54","8.60","9.10","8.96","8.62","8.61","8.80","8.41","8.32","8.31","8.63","8.45","8.68","11.32","10.98","12.63","13.17","12.56","13.83","13.83","14.00","14.48","15.30","20.77","26.93"
"Maize","Rabi","","","","","","","","","","","","","0.00","0.00","0.00","0.00","0.21","0.36","0.11","0.21","0.22","0.00","","","2.22","2.30"
"Maize","Summer","","","","","","","","","","","","","","","","","","","","","","","","0.13","0.04",""
"Maize","Total","8.40","8.54","8.60","9.10","8.96","8.62","8.61","8.80","8.41","8.32","8.31","8.63","8.45","8.68","11.32","10.98","12.84","13.53","12.67","14.04","14.05","14.00","14.48","15.43","23.03","29.23"
"Barley","Rabi","0.83","0.84","0.81","0.84","0.83","0.78","0.59","0.48","0.81","0.85","0.79","0.81","0.85","0.87","0.83","0.97","1.16","1.30","0.83","0.30","0.25","0.16","0.24","0.19","0.24","0.35"
"Barley","Total","0.83","0.84","0.81","0.84","0.83","0.78","0.59","0.48","0.81","0.85","0.79","0.81","0.85","0.87","0.83","0.97","1.16","1.30","0.83","0.30","0.25","0.16","0.24","0.19","0.24","0.35"
"Jowar","Kharif","6.36","6.37","6.52","7.83","6.57","5.75","5.71","5.28","4.80","4.43","4.30","3.91","2.86","2.53","2.20","2.05","2.20","2.70","0.75","1.08","1.12","1.23","0.97","0.87","0.90","0.50"
"Jowar","Rabi","0.02","0.05","0.04","0.03","0.02","0.02","0.02","0.03","0.02","0.02","0.02","0.04","0.00","0.02","0.00","0.00","0.00","0.00","0.00","0.00","0.00","0.00","","","",""
"Jowar","Total","6.38","6.42","6.55","7.87","6.59","5.77","5.74","5.31","4.81","4.46","4.32","3.94","2.86","2.55","2.20","2.05","2.20","2.70","0.75","1.08","1.12","1.23","0.97","0.87","0.90","0.50"
"Bajra","Kharif","1.65","1.63","1.69","2.02","1.76","1.82","1.86","1.80","1.75","1.66","1.62","1.79","1.90","1.90","2.25","2.67","2.80","3.10","3.27","2.96","3.27","3.43","3.63","3.88","2.87","2.37"
"Bajra","Total","1.65","1.63","1.69","2.02","1.76","1.82","1.86","1.80","1.75","1.66","1.62","1.79","1.90","1.90","2.25","2.67","2.80","3.10","3.27","2.96","3.27","3.43","3.63","3.88","2.87","2.37"
"Ragi","Kharif","0.02","0.00","0.01","0.00","0.00","0.00","0.00","0.00","0.00","0.00","0.00","0.00","0.00","0.00","0.11","0.01","0.03","0.00","0.00","0.00","0.00","0.00","","","",""
"Ragi","Total","0.02","0.00","0.01","0.00","0.00","0.00","0.00","0.00","0.00","0.00","0.00","0.00","0.00","0.00","0.11","0.01","0.03","0.00","0.00","0.00","0.00","0.00","","","",""
"Small Millets","Kharif","4.76","4.56","4.28","4.10","3.79","3.44","3.35","3.22","3.07","2.68","2.53","2.49","2.33","2.28","1.23","1.80","1.84","1.48","0.89","0.84","0.78","0.89","1.45","1.40","1.06","1.04"
"Small Millets","Total","4.76","4.56","4.28","4.10","3.79","3.44","3.35","3.22","3.07","2.68","2.53","2.49","2.33","2.28","1.23","1.80","1.84","1.48","0.89","0.84","0.78","0.89","1.45","1.40","1.06","1.04"
"Tur","Kharif","3.13","3.05","3.04","3.15","3.28","3.22","3.22","3.25","3.21","3.62","4.88","5.35","5.30","4.64","5.21","5.79","6.90","6.47","2.13","2.49","2.19","2.25","1.66","1.55","1.51","1.49"
"Tur","Total","3.13","3.05","3.04","3.15","3.28","3.22","3.22","3.25","3.21","3.62","4.88","5.35","5.30","4.64","5.21","5.79","6.90","6.47","2.13","2.49","2.19","2.25","1.66","1.55","1.51","1.49"
"Gram","Rabi","19.78","25.54","24.71","27.91","27.46","25.61","24.63","24.39","28.40","30.86","31.12","30.44","31.29","31.60","28.53","30.17","32.22","35.90","31.03","19.26","21.60","19.36","21.08","21.10","13.54","14.89"
"Gram","Total","19.78","25.54","24.71","27.91","27.46","25.61","24.63","24.39","28.40","30.86","31.12","30.44","31.29","31.60","28.53","30.17","32.22","35.90","31.03","19.26","21.60","19.36","21.08","21.10","13.54","14.89"
"Urad","Kharif","4.14","4.43","5.21","6.13","5.57","4.43","4.36","4.66","4.76","4.99","5.85","5.51","6.43","5.85","8.62","9.32","11.68","17.89","24.37","17.62","12.73","15.35","12.52","7.97","4.24","3.35"
"Urad","Rabi","0.06","0.07","0.06","0.06","0.07","0.06","0.06","0.07","0.07","0.07","0.07","0.06","0.08","0.17","0.20","0.03","0.35","0.35","0.43","0.32","0.41","0.82","","","",""
"Urad","Summer","","","","","","","","","","","","","","","","","","","","","","","0.57","0.60","1.15",""
"Urad","Total","4.20","4.50","5.27","6.19","5.63","4.50","4.42","4.73","4.84","5.06","5.92","5.57","6.50","6.02","8.82","9.35","12.03","18.24","24.80","17.94","13.14","16.17","13.09","8.57","5.39","3.35"
"Moong","Kharif","","","","","","","","","","","","","0.84","0.90","1.55","1.93","2.25","2.28","0.95","0.46","0.67","0.88","0.34","0.26","0.44","0.44"
"Moong","Rabi","","","","","","","","","","","","","0.04","2.27","1.06","1.02","2.62","2.06","1.96","2.88","4.77","8.50","","","",""
"Moong","Summer","","","","","","","","","","","","","","","","","","","","","","","12.18","11.37","14.56",""
"Moong","Total","","","","","","","","","","","","","0.88","3.16","2.61","2.95","4.87","4.34","2.91","3.34","5.44","9.38","12.52","11.63","15.00","0.44"
"Lentil","Rabi","4.89","5.00","4.67","4.79","4.98","5.64","5.22","4.68","5.31","5.41","5.90","6.20","5.70","5.30","6.14","5.46","5.29","5.96","4.21","3.79","5.42","4.92","6.55","7.15","6.30","6.25"
"Lentil","Total","4.89","5.00","4.67","4.79","4.98","5.64","5.22","4.68","5.31","5.41","5.90","6.20","5.70","5.30","6.14","5.46","5.29","5.96","4.21","3.79","5.42","4.92","6.55","7.15","6.30","6.25"
"Other Pulses","Kharif","1.30","1.24","1.23","1.25","1.22","1.11","1.11","1.06","1.05","1.10","1.00","1.10","0.20","0.15","0.25","0.15","0.34","0.16","0.02","0.00","0.02","0.01","","","",""
"Other Pulses","Rabi","2.24","2.37","2.47","2.56","2.62","2.77","2.48","2.16","2.78","3.37","2.80","3.20","3.26","3.07","3.56","4.88","4.99","3.73","0.90","0.75","0.86","1.36","1.32","1.29","2.65","3.16"
"Other Pulses","Total","3.54","3.61","3.70","3.81","3.85","3.88","3.58","3.22","3.83","4.46","3.80","4.29","3.46","3.22","3.81","5.03","5.33","3.89","0.92","0.75","0.88","1.37","1.32","1.29","2.65","3.16"